{
    "swagger": "2.0",
    "info": {
        "description": "Auth POC開発",
        "title": "Auth POC開発 swagger API",
        "termsOfService": "http://swagger.io/terms/",
        "contact": {},
        "version": "1.0"
    },
    "host": "localhost:8080",
    "basePath": "/",
    "paths": {
        "/get-jwt": {
            "post": {
                "description": "アクセストークン取得する",
                "consumes": [
                    "application/json"
                ],
                "produces": [
                    "application/json"
                ],
                "tags": [
                    "authentication"
                ],
                "summary": "アクセストーケン取得",
                "parameters": [
                    {
                        "description": "Authorization Code",
                        "name": "information",
                        "in": "body",
                        "required": true,
                        "schema": {
                            "$ref": "#/definitions/auth.AuthorizationCodeRequest"
                        }
                    }
                ],
                "responses": {
                    "200": {
                        "description": "Param is valid",
                        "schema": {
                            "type": "string"
                        }
                    },
                    "400": {
                        "description": "missing Param",
                        "schema": {
                            "type": "string"
                        }
                    },
                    "401": {
                        "description": "Param is invalid",
                        "schema": {
                            "type": "string"
                        }
                    },
                    "500": {
                        "description": "Internal Server Error",
                        "schema": {
                            "type": "string"
                        }
                    }
                }
            }
        },
        "/get-userinfo": {
            "post": {
                "description": "ユーザー情報を取得",
                "consumes": [
                    "application/json"
                ],
                "produces": [
                    "application/json"
                ],
                "tags": [
                    "authentication"
                ],
                "summary": "ユーザー情報を取得",
                "parameters": [
                    {
                        "description": "Token",
                        "name": "information",
                        "in": "body",
                        "required": true,
                        "schema": {
                            "$ref": "#/definitions/auth.TokenVerifyRequest"
                        }
                    }
                ],
                "responses": {
                    "200": {
                        "description": "Param is valid",
                        "schema": {
                            "type": "string"
                        }
                    },
                    "400": {
                        "description": "missing Param",
                        "schema": {
                            "type": "string"
                        }
                    },
                    "401": {
                        "description": "Param is invalid",
                        "schema": {
                            "type": "string"
                        }
                    },
                    "500": {
                        "description": "Internal Server Error",
                        "schema": {
                            "type": "string"
                        }
                    }
                }
            }
        },
        "/login-link": {
            "get": {
                "description": "ログイン処理する",
                "tags": [
                    "authentication"
                ],
                "summary": "ログイン処理する",
                "responses": {
                    "200": {
                        "description": "Param is valid",
                        "schema": {
                            "type": "string"
                        }
                    },
                    "302": {
                        "description": "Redirected",
                        "schema": {
                            "type": "string"
                        }
                    },
                    "400": {
                        "description": "missing Param",
                        "schema": {
                            "type": "string"
                        }
                    },
                    "401": {
                        "description": "Param is invalid",
                        "schema": {
                            "type": "string"
                        }
                    },
                    "500": {
                        "description": "Internal Server Error",
                        "schema": {
                            "type": "string"
                        }
                    }
                }
            }
        },
        "/valid-token": {
            "post": {
                "description": "アクセストークン取得する",
                "consumes": [
                    "application/json"
                ],
                "produces": [
                    "application/json"
                ],
                "tags": [
                    "authentication"
                ],
                "summary": "アクセストーケン取得",
                "parameters": [
                    {
                        "description": "Access Token",
                        "name": "information",
                        "in": "body",
                        "required": true,
                        "schema": {
                            "$ref": "#/definitions/auth.TokenVerifyRequest"
                        }
                    }
                ],
                "responses": {
                    "200": {
                        "description": "Param is valid",
                        "schema": {
                            "type": "string"
                        }
                    },
                    "400": {
                        "description": "missing Param",
                        "schema": {
                            "type": "string"
                        }
                    },
                    "401": {
                        "description": "Param is invalid",
                        "schema": {
                            "type": "string"
                        }
                    },
                    "500": {
                        "description": "Internal Server Error",
                        "schema": {
                            "type": "string"
                        }
                    }
                }
            }
        }
    },
    "definitions": {
        "auth.AuthorizationCodeRequest": {
            "type": "object",
            "properties": {
                "code": {
                    "type": "string"
                }
            }
        },
        "auth.TokenVerifyRequest": {
            "type": "object",
            "properties": {
                "token": {
                    "type": "string"
                }
            }
        }
    },
    "securityDefinitions": {
        "ApiKeyAuth": {
            "description": "Description for this security definition being used",
            "type": "apiKey",
            "name": "Authorization",
            "in": "header"
        },
        "BasicAuth": {
            "type": "basic"
        }
    }
}